/*
 Navicat Premium Data Transfer

 Source Server         : localhost
 Source Server Type    : MySQL
 Source Server Version : 50727
 Source Host           : localhost:3306
 Source Schema         : sfs_user

 Target Server Type    : MySQL
 Target Server Version : 50727
 File Encoding         : 65001

 Date: 16/08/2020 20:24:16
*/

SET NAMES utf8mb4;
SET FOREIGN_KEY_CHECKS = 0;

-- ----------------------------
-- Table structure for oauth_access_token
-- ----------------------------
DROP TABLE IF EXISTS `oauth_access_token`;
CREATE TABLE `oauth_access_token`  (
  `token_id` varchar(256) CHARACTER SET utf8 COLLATE utf8_general_ci NULL DEFAULT NULL,
  `token` blob NULL,
  `authentication_id` varchar(48) CHARACTER SET utf8 COLLATE utf8_general_ci NOT NULL,
  `user_name` varchar(256) CHARACTER SET utf8 COLLATE utf8_general_ci NULL DEFAULT NULL,
  `client_id` varchar(256) CHARACTER SET utf8 COLLATE utf8_general_ci NULL DEFAULT NULL,
  `authentication` blob NULL,
  `refresh_token` varchar(256) CHARACTER SET utf8 COLLATE utf8_general_ci NULL DEFAULT NULL,
  PRIMARY KEY (`authentication_id`) USING BTREE
) ENGINE = InnoDB CHARACTER SET = utf8 COLLATE = utf8_general_ci ROW_FORMAT = Dynamic;

-- ----------------------------
-- Table structure for oauth_approvals
-- ----------------------------
DROP TABLE IF EXISTS `oauth_approvals`;
CREATE TABLE `oauth_approvals`  (
  `userId` varchar(256) CHARACTER SET utf8 COLLATE utf8_general_ci NULL DEFAULT NULL,
  `clientId` varchar(256) CHARACTER SET utf8 COLLATE utf8_general_ci NULL DEFAULT NULL,
  `scope` varchar(256) CHARACTER SET utf8 COLLATE utf8_general_ci NULL DEFAULT NULL,
  `status` varchar(10) CHARACTER SET utf8 COLLATE utf8_general_ci NULL DEFAULT NULL,
  `expiresAt` timestamp(0) NOT NULL DEFAULT CURRENT_TIMESTAMP ON UPDATE CURRENT_TIMESTAMP(0),
  `lastModifiedAt` timestamp(0) NOT NULL
) ENGINE = InnoDB CHARACTER SET = utf8 COLLATE = utf8_general_ci ROW_FORMAT = Dynamic;

-- ----------------------------
-- Table structure for oauth_client_details
-- ----------------------------
DROP TABLE IF EXISTS `oauth_client_details`;
CREATE TABLE `oauth_client_details`  (
  `client_id` varchar(48) CHARACTER SET utf8 COLLATE utf8_general_ci NOT NULL,
  `resource_ids` varchar(256) CHARACTER SET utf8 COLLATE utf8_general_ci NULL DEFAULT NULL,
  `client_secret` varchar(256) CHARACTER SET utf8 COLLATE utf8_general_ci NULL DEFAULT NULL,
  `scope` varchar(256) CHARACTER SET utf8 COLLATE utf8_general_ci NULL DEFAULT NULL,
  `authorized_grant_types` varchar(256) CHARACTER SET utf8 COLLATE utf8_general_ci NULL DEFAULT NULL,
  `web_server_redirect_uri` varchar(256) CHARACTER SET utf8 COLLATE utf8_general_ci NULL DEFAULT NULL,
  `authorities` varchar(256) CHARACTER SET utf8 COLLATE utf8_general_ci NULL DEFAULT NULL,
  `access_token_validity` int(11) NULL DEFAULT NULL,
  `refresh_token_validity` int(11) NULL DEFAULT NULL,
  `additional_information` varchar(4096) CHARACTER SET utf8 COLLATE utf8_general_ci NULL DEFAULT NULL,
  `autoapprove` varchar(256) CHARACTER SET utf8 COLLATE utf8_general_ci NULL DEFAULT NULL,
  PRIMARY KEY (`client_id`) USING BTREE
) ENGINE = InnoDB CHARACTER SET = utf8 COLLATE = utf8_general_ci ROW_FORMAT = Dynamic;

-- ----------------------------
-- Records of oauth_client_details
-- ----------------------------
INSERT INTO `oauth_client_details` VALUES ('app', NULL, 'app', 'app', 'password,refresh_token', NULL, NULL, NULL, NULL, NULL, NULL);
INSERT INTO `oauth_client_details` VALUES ('XcWebApp', NULL, '$2a$10$9bEpZ/hWRQxyr5hn5wHUj.jxFpIrnOmBcWlE/g/0Zp3uNxt9QTh/S', 'app', 'authorization_code,password,refresh_token,client_credentials', NULL, NULL, 43200, 43200, NULL, NULL);

-- ----------------------------
-- Table structure for oauth_client_token
-- ----------------------------
DROP TABLE IF EXISTS `oauth_client_token`;
CREATE TABLE `oauth_client_token`  (
  `token_id` varchar(256) CHARACTER SET utf8 COLLATE utf8_general_ci NULL DEFAULT NULL,
  `token` blob NULL,
  `authentication_id` varchar(48) CHARACTER SET utf8 COLLATE utf8_general_ci NOT NULL,
  `user_name` varchar(256) CHARACTER SET utf8 COLLATE utf8_general_ci NULL DEFAULT NULL,
  `client_id` varchar(256) CHARACTER SET utf8 COLLATE utf8_general_ci NULL DEFAULT NULL,
  PRIMARY KEY (`authentication_id`) USING BTREE
) ENGINE = InnoDB CHARACTER SET = utf8 COLLATE = utf8_general_ci ROW_FORMAT = Dynamic;

-- ----------------------------
-- Table structure for oauth_code
-- ----------------------------
DROP TABLE IF EXISTS `oauth_code`;
CREATE TABLE `oauth_code`  (
  `code` varchar(256) CHARACTER SET utf8 COLLATE utf8_general_ci NULL DEFAULT NULL,
  `authentication` blob NULL
) ENGINE = InnoDB CHARACTER SET = utf8 COLLATE = utf8_general_ci ROW_FORMAT = Dynamic;

-- ----------------------------
-- Table structure for oauth_refresh_token
-- ----------------------------
DROP TABLE IF EXISTS `oauth_refresh_token`;
CREATE TABLE `oauth_refresh_token`  (
  `token_id` varchar(256) CHARACTER SET utf8 COLLATE utf8_general_ci NULL DEFAULT NULL,
  `token` blob NULL,
  `authentication` blob NULL
) ENGINE = InnoDB CHARACTER SET = utf8 COLLATE = utf8_general_ci ROW_FORMAT = Dynamic;

-- ----------------------------
-- Records of oauth_refresh_token
-- ----------------------------
INSERT INTO `oauth_refresh_token` VALUES ('b96e057b4e1c4920428e833db48d4c15', 0xEFBFBDEFBFBD00057372004C6F72672E737072696E676672616D65776F726B2E73656375726974792E6F61757468322E636F6D6D6F6E2E44656661756C744578706972696E674F417574683252656672657368546F6B656E2FEFBFBD4763EFBFBDEFBFBDC9B70200014C000A65787069726174696F6E7400104C6A6176612F7574696C2F446174653B787200446F72672E737072696E676672616D65776F726B2E73656375726974792E6F61757468322E636F6D6D6F6E2E44656661756C744F417574683252656672657368546F6B656E73EFBFBD0E0A6354EFBFBD5E0200014C000576616C75657400124C6A6176612F6C616E672F537472696E673B787074002462303132643438372D613930382D343361662D613865662D3533633533393963386264367372000E6A6176612E7574696C2E44617465686AEFBFBD014B59741903000078707708000001613B74C98E78, 0xEFBFBDEFBFBD0005737200416F72672E737072696E676672616D65776F726B2E73656375726974792E6F61757468322E70726F76696465722E4F417574683241757468656E7469636174696F6EEFBFBD400B02166252130200024C000D73746F7265645265717565737474003C4C6F72672F737072696E676672616D65776F726B2F73656375726974792F6F61757468322F70726F76696465722F4F4175746832526571756573743B4C00127573657241757468656E7469636174696F6E7400324C6F72672F737072696E676672616D65776F726B2F73656375726974792F636F72652F41757468656E7469636174696F6E3B787200476F72672E737072696E676672616D65776F726B2E73656375726974792E61757468656E7469636174696F6E2E416273747261637441757468656E7469636174696F6E546F6B656ED3AA287E6E47640E0200035A000D61757468656E746963617465644C000B617574686F7269746965737400164C6A6176612F7574696C2F436F6C6C656374696F6E3B4C000764657461696C737400124C6A6176612F6C616E672F4F626A6563743B787000737200266A6176612E7574696C2E436F6C6C656374696F6E7324556E6D6F6469666961626C654C697374EFBFBD0F2531EFBFBDEFBFBD100200014C00046C6973747400104C6A6176612F7574696C2F4C6973743B7872002C6A6176612E7574696C2E436F6C6C656374696F6E7324556E6D6F6469666961626C65436F6C6C656374696F6E194200EFBFBDEFBFBD5EEFBFBD1E0200014C00016371007E00047870737200136A6176612E7574696C2E41727261794C69737478EFBFBDEFBFBD1DEFBFBDEFBFBD61EFBFBD03000149000473697A65787000000009770400000009737200426F72672E737072696E676672616D65776F726B2E73656375726974792E636F72652E617574686F726974792E53696D706C654772616E746564417574686F7269747900000000000001EFBFBD0200014C0004726F6C657400124C6A6176612F6C616E672F537472696E673B787074000A524F4C455F61646D696E7371007E000D740006617069646F637371007E000D74000C64617461626173652F6C6F677371007E000D74000673797374656D7371007E000D740008757365722F6164647371007E000D74000B757365722F64656C6574657371007E000D740009757365722F656469747371007E000D740009757365722F766965777371007E000D740008757365724C6973747871007E000C707372003A6F72672E737072696E676672616D65776F726B2E73656375726974792E6F61757468322E70726F76696465722E4F41757468325265717565737400000000000000010200075A0008617070726F7665644C000B617574686F72697469657371007E00044C000A657874656E73696F6E7374000F4C6A6176612F7574696C2F4D61703B4C000B726564697265637455726971007E000E4C00077265667265736874003B4C6F72672F737072696E676672616D65776F726B2F73656375726974792F6F61757468322F70726F76696465722F546F6B656E526571756573743B4C000B7265736F7572636549647374000F4C6A6176612F7574696C2F5365743B4C000D726573706F6E7365547970657371007E0024787200386F72672E737072696E676672616D65776F726B2E73656375726974792E6F61757468322E70726F76696465722E426173655265717565737436287A3EEFBFBD7169EFBFBD0200034C0008636C69656E74496471007E000E4C001172657175657374506172616D657465727371007E00224C000573636F706571007E00247870740006776562417070737200256A6176612E7574696C2E436F6C6C656374696F6E7324556E6D6F6469666961626C654D6170EFBFBDEFBFBD74EFBFBD07420200014C00016D71007E00227870737200116A6176612E7574696C2E486173684D61700507EFBFBDEFBFBDEFBFBD1660EFBFBD03000246000A6C6F6164466163746F724900097468726573686F6C6478703F400000000000037708000000040000000274000A6772616E745F7479706574000870617373776F7264740008757365726E616D6574000561646D696E78737200256A6176612E7574696C2E436F6C6C656374696F6E7324556E6D6F6469666961626C65536574EFBFBD1DEFBFBDD18FEFBFBDEFBFBD550200007871007E0009737200176A6176612E7574696C2E4C696E6B656448617368536574EFBFBD6CEFBFBD5AEFBFBDEFBFBD2A1E020000787200116A6176612E7574696C2E48617368536574EFBFBD44EFBFBDEFBFBDEFBFBDEFBFBDEFBFBD340300007870770C000000103F4000000000000174000361707078017371007E0033770C000000103F40000000000000787371007E002A3F40000000000000770800000010000000007870707371007E0033770C000000103F40000000000000787371007E0033770C000000103F40000000000000787372004F6F72672E737072696E676672616D65776F726B2E73656375726974792E61757468656E7469636174696F6E2E557365726E616D6550617373776F726441757468656E7469636174696F6E546F6B656E00000000000001EFBFBD0200024C000B63726564656E7469616C7371007E00054C00097072696E636970616C71007E00057871007E0003017371007E00077371007E000B0000000977040000000971007E000F71007E001171007E001371007E001571007E001771007E001971007E001B71007E001D71007E001F7871007E003D737200176A6176612E7574696C2E4C696E6B6564486173684D617034EFBFBD4E5C106CEFBFBDEFBFBD0200015A000B6163636573734F726465727871007E002A3F400000000000067708000000080000000271007E002C71007E002D71007E002E71007E002F780070737200326F72672E737072696E676672616D65776F726B2E73656375726974792E636F72652E7573657264657461696C732E5573657200000000000001EFBFBD0200075A00116163636F756E744E6F6E457870697265645A00106163636F756E744E6F6E4C6F636B65645A001563726564656E7469616C734E6F6E457870697265645A0007656E61626C65644C000B617574686F72697469657371007E00244C000870617373776F726471007E000E4C0008757365726E616D6571007E000E7870010101017371007E0030737200116A6176612E7574696C2E54726565536574DD9850EFBFBDEFBFBDEFBFBD5B0300007870737200466F72672E737072696E676672616D65776F726B2E73656375726974792E636F72652E7573657264657461696C732E5573657224417574686F72697479436F6D70617261746F7200000000000001EFBFBD020000787077040000000971007E000F71007E001171007E001371007E001571007E001771007E001971007E001B71007E001D71007E001F787074000561646D696E);

-- ----------------------------
-- Table structure for sfs_company
-- ----------------------------
DROP TABLE IF EXISTS `sfs_company`;
CREATE TABLE `sfs_company`  (
  `id` varchar(32) CHARACTER SET utf8 COLLATE utf8_general_ci NOT NULL,
  `linkname` varchar(64) CHARACTER SET utf8 COLLATE utf8_general_ci NULL DEFAULT NULL COMMENT '联系人名称',
  `name` varchar(128) CHARACTER SET utf8 COLLATE utf8_general_ci NOT NULL COMMENT '名称',
  `mobile` varchar(11) CHARACTER SET utf8 COLLATE utf8_general_ci NOT NULL,
  `email` varchar(128) CHARACTER SET utf8 COLLATE utf8_general_ci NOT NULL,
  `intro` varchar(512) CHARACTER SET utf8 COLLATE utf8_general_ci NULL DEFAULT NULL COMMENT '简介',
  `logo` varchar(128) CHARACTER SET utf8 COLLATE utf8_general_ci NULL DEFAULT NULL COMMENT 'logo',
  `identitypic` varchar(128) CHARACTER SET utf8 COLLATE utf8_general_ci NULL DEFAULT NULL COMMENT '身份证照片',
  `worktype` varchar(32) CHARACTER SET utf8 COLLATE utf8_general_ci NULL DEFAULT NULL COMMENT '工具性质',
  `businesspic` varchar(128) CHARACTER SET utf8 COLLATE utf8_general_ci NULL DEFAULT NULL COMMENT '营业执照',
  `status` varchar(32) CHARACTER SET utf8 COLLATE utf8_general_ci NULL DEFAULT NULL COMMENT '企业状态',
  PRIMARY KEY (`id`) USING BTREE
) ENGINE = InnoDB CHARACTER SET = utf8 COLLATE = utf8_general_ci ROW_FORMAT = Dynamic;

-- ----------------------------
-- Records of sfs_company
-- ----------------------------
INSERT INTO `sfs_company` VALUES ('1', '张老师', '传智播客', '13333334444', 'abc@126.com', '2006年创建！', NULL, NULL, NULL, NULL, NULL);
INSERT INTO `sfs_company` VALUES ('2', '李老师', '博学谷', '', '', NULL, NULL, NULL, NULL, NULL, NULL);

-- ----------------------------
-- Table structure for sfs_company_user
-- ----------------------------
DROP TABLE IF EXISTS `sfs_company_user`;
CREATE TABLE `sfs_company_user`  (
  `id` varchar(32) CHARACTER SET utf8 COLLATE utf8_general_ci NOT NULL,
  `company_id` varchar(32) CHARACTER SET utf8 COLLATE utf8_general_ci NOT NULL,
  `user_id` varchar(32) CHARACTER SET utf8 COLLATE utf8_general_ci NOT NULL,
  PRIMARY KEY (`id`) USING BTREE,
  UNIQUE INDEX `sfs_company_user_unique`(`company_id`, `user_id`) USING BTREE,
  INDEX `FK_sfs_company_user_user_id`(`user_id`) USING BTREE,
  CONSTRAINT `sfs_company_user_ibfk_1` FOREIGN KEY (`company_id`) REFERENCES `sfs_company` (`id`) ON DELETE NO ACTION ON UPDATE NO ACTION,
  CONSTRAINT `sfs_company_user_ibfk_2` FOREIGN KEY (`user_id`) REFERENCES `sfs_user` (`id`) ON DELETE NO ACTION ON UPDATE NO ACTION
) ENGINE = InnoDB CHARACTER SET = utf8 COLLATE = utf8_general_ci ROW_FORMAT = Dynamic;

-- ----------------------------
-- Table structure for sfs_menu
-- ----------------------------
DROP TABLE IF EXISTS `sfs_menu`;
CREATE TABLE `sfs_menu`  (
  `id` varchar(64) CHARACTER SET utf8 COLLATE utf8_general_ci NOT NULL,
  `code` varchar(255) CHARACTER SET utf8 COLLATE utf8_general_ci NULL DEFAULT NULL COMMENT '菜单编码',
  `p_id` varchar(255) CHARACTER SET utf8 COLLATE utf8_general_ci NULL DEFAULT NULL COMMENT '父菜单ID',
  `menu_name` varchar(255) CHARACTER SET utf8 COLLATE utf8_general_ci NULL DEFAULT NULL COMMENT '名称',
  `url` varchar(255) CHARACTER SET utf8 COLLATE utf8_general_ci NULL DEFAULT NULL COMMENT '请求地址',
  `is_menu` char(1) CHARACTER SET utf8 COLLATE utf8_general_ci NULL DEFAULT NULL COMMENT '是否是菜单',
  `level` int(11) NULL DEFAULT NULL COMMENT '菜单层级',
  `sort` int(11) NULL DEFAULT NULL COMMENT '菜单排序',
  `status` char(1) CHARACTER SET utf8 COLLATE utf8_general_ci NULL DEFAULT NULL,
  `icon` varchar(255) CHARACTER SET utf8 COLLATE utf8_general_ci NULL DEFAULT NULL,
  `create_time` datetime(0) NULL DEFAULT NULL,
  `update_time` datetime(0) NULL DEFAULT NULL,
  PRIMARY KEY (`id`) USING BTREE,
  UNIQUE INDEX `FK_CODE`(`code`) USING BTREE
) ENGINE = InnoDB CHARACTER SET = utf8 COLLATE = utf8_general_ci ROW_FORMAT = Dynamic;

-- ----------------------------
-- Records of sfs_menu
-- ----------------------------
INSERT INTO `sfs_menu` VALUES ('', 'sfs_teachmanager_course_pic', NULL, NULL, NULL, NULL, NULL, NULL, NULL, NULL, NULL, NULL);
INSERT INTO `sfs_menu` VALUES ('000000000000000000', 'root', '0', '系统根目录', NULL, '0', 0, 1, '1', NULL, '2017-08-03 18:31:54', NULL);
INSERT INTO `sfs_menu` VALUES ('111111111111111111', 'sfs_sysmanager', '000000000000000000', '系统管理', NULL, '1', 1, 10, '1', '', '2017-08-04 09:47:06', NULL);
INSERT INTO `sfs_menu` VALUES ('222222222222222222', 'sfs_teachmanager', '000000000000000000', '教学管理', NULL, '1', 1, 2, '1', NULL, NULL, NULL);
INSERT INTO `sfs_menu` VALUES ('893288715881807872', 'sfs_sysmanager_user', '111111111111111111', '用户管理', NULL, '1', 2, 3, '1', '', '2017-08-04 09:53:21', '2017-08-07 18:18:39');
INSERT INTO `sfs_menu` VALUES ('893304960282787840', 'sfs_sysmanager_user_add', '893288715881807872', '添加用户', NULL, '1', 3, 1, '1', '', '2017-08-04 10:57:54', '2017-08-08 11:02:55');
INSERT INTO `sfs_menu` VALUES ('894396523532517376', 'sfs_sysmanager_user_edit', '893288715881807872', '用户修改', NULL, '0', 3, 1, '1', '', '2017-08-07 11:15:23', '2017-08-07 16:57:52');
INSERT INTO `sfs_menu` VALUES ('894473486712438784', 'sfs_sysmanager_user_view', '893288715881807872', '用户列表', NULL, '1', 3, 2, '1', '', '2017-08-07 16:21:12', NULL);
INSERT INTO `sfs_menu` VALUES ('894473651837992943', 'sfs_sysmanager_user_role', '893288715881807872', '用户授权', NULL, '0', 3, 5, '1', '', '2017-08-07 16:21:52', NULL);
INSERT INTO `sfs_menu` VALUES ('894473651837992960', 'sfs_sysmanager_user_delete', '893288715881807872', '用户删除', NULL, '0', 3, 4, '1', '', '2017-08-07 16:21:52', NULL);
INSERT INTO `sfs_menu` VALUES ('894475142061621248', 'sfs_sysmanager_role', '111111111111111111', '角色管理', NULL, '1', 2, 4, '1', '', '2017-08-07 16:27:47', '2017-08-08 10:34:56');
INSERT INTO `sfs_menu` VALUES ('894475827880656896', 'sfs_sysmanager_role_add', '894475142061621248', '角色添加', NULL, '0', 3, 1, '1', '', '2017-08-07 16:30:31', NULL);
INSERT INTO `sfs_menu` VALUES ('894475985452269568', 'sfs_sysmanager_role_edit', '894475142061621248', '角色编辑', NULL, '0', 3, 2, '1', '', '2017-08-07 16:31:08', NULL);
INSERT INTO `sfs_menu` VALUES ('894476118730473472', 'sfs_sysmanager_role_delete', '894475142061621248', '角色删除', NULL, '0', 3, 3, '1', '', '2017-08-07 16:31:40', '2017-08-07 16:37:24');
INSERT INTO `sfs_menu` VALUES ('894476276402749440', 'sfs_sysmanager_role_permission', '894475142061621248', '角色授权', NULL, '0', 3, 4, '1', '', '2017-08-07 16:32:18', NULL);
INSERT INTO `sfs_menu` VALUES ('894476950951690240', 'sfs_sysmanager_page', '111111111111111111', '页面管理', NULL, '1', 2, 1, '1', '', '2017-08-07 16:34:58', NULL);
INSERT INTO `sfs_menu` VALUES ('894477107919323136', 'sfs_sysmanager_page_add', '894476950951690240', '页面添加', NULL, '0', 3, 1, '1', '', '2017-08-07 16:35:36', NULL);
INSERT INTO `sfs_menu` VALUES ('894477244926263296', 'sfs_sysmanager_page_edit', '894476950951690240', '页面编辑', NULL, '0', 3, 2, '1', '', '2017-08-07 16:36:08', NULL);
INSERT INTO `sfs_menu` VALUES ('894477420512411648', 'sfs_sysmanager_page_delete', '894476950951690240', '页面删除', NULL, '0', 3, 2, '1', '', '2017-08-07 16:36:50', NULL);
INSERT INTO `sfs_menu` VALUES ('894752734459199488', 'sfs_sysmanager_company', '111111111111111111', '模板管理', NULL, '1', 2, 2, '1', '', '2017-08-08 10:50:50', NULL);
INSERT INTO `sfs_menu` VALUES ('903459378655395840', 'sfs_sysmanager_user_resetpwd', '893288715881807872', '密码重置', NULL, '1', 3, 2, '1', '', '2017-09-01 11:27:56', NULL);
INSERT INTO `sfs_menu` VALUES ('903459378655395841', 'sfs_teachmanager_course', '222222222222222222', '课程管理', NULL, '1', 2, 1, '1', NULL, NULL, NULL);
INSERT INTO `sfs_menu` VALUES ('903459378655395842', 'sfs_teachmanager_course_add', '903459378655395841', '添加课程', NULL, '1', 3, 1, '1', NULL, NULL, NULL);
INSERT INTO `sfs_menu` VALUES ('903459378655395843', 'sfs_teachmanager_course_del', '903459378655395841', '删除课程', NULL, NULL, 3, NULL, NULL, NULL, NULL, NULL);
INSERT INTO `sfs_menu` VALUES ('903459378655395845', 'sfs_teachmanager_course_market', '903459378655395841', '编辑课程营销信息', NULL, NULL, 3, NULL, NULL, NULL, NULL, NULL);
INSERT INTO `sfs_menu` VALUES ('903459378655395846', 'sfs_teachmanager_course_base', '903459378655395841', '编辑课程基础信息', NULL, NULL, 3, NULL, NULL, NULL, NULL, NULL);
INSERT INTO `sfs_menu` VALUES ('903459378655395847', 'sfs_teachmanager_course_plan', '903459378655395841', '编辑课程计划', NULL, NULL, 3, NULL, NULL, NULL, NULL, NULL);
INSERT INTO `sfs_menu` VALUES ('903459378655395848', 'sfs_teachmanager_course_publish', '903459378655395841', '发布课程', NULL, NULL, 3, NULL, NULL, NULL, NULL, NULL);
INSERT INTO `sfs_menu` VALUES ('903459378655395849', 'sfs_teachmanager_course_list', '903459378655395841', '我的课程', NULL, NULL, 3, NULL, NULL, NULL, NULL, NULL);
INSERT INTO `sfs_menu` VALUES ('903459378655395850', 'course_find_list', '903459378655395841', '查询课程列表', NULL, NULL, 3, NULL, '1', NULL, NULL, NULL);

-- ----------------------------
-- Table structure for sfs_permission
-- ----------------------------
DROP TABLE IF EXISTS `sfs_permission`;
CREATE TABLE `sfs_permission`  (
  `id` varchar(32) CHARACTER SET utf8 COLLATE utf8_general_ci NOT NULL,
  `role_id` varchar(32) CHARACTER SET utf8 COLLATE utf8_general_ci NOT NULL,
  `menu_id` varchar(255) CHARACTER SET utf8 COLLATE utf8_general_ci NOT NULL,
  `create_time` datetime(0) NULL DEFAULT NULL,
  PRIMARY KEY (`id`) USING BTREE,
  UNIQUE INDEX `sfs_permission_unique`(`role_id`, `menu_id`) USING BTREE,
  INDEX `fk_sfs_permission_menu_id`(`menu_id`) USING BTREE,
  CONSTRAINT `sfs_permission_ibfk_1` FOREIGN KEY (`menu_id`) REFERENCES `sfs_menu` (`id`) ON DELETE NO ACTION ON UPDATE NO ACTION,
  CONSTRAINT `sfs_permission_ibfk_2` FOREIGN KEY (`role_id`) REFERENCES `sfs_role` (`id`) ON DELETE NO ACTION ON UPDATE NO ACTION
) ENGINE = InnoDB CHARACTER SET = utf8 COLLATE = utf8_general_ci ROW_FORMAT = Dynamic;

-- ----------------------------
-- Records of sfs_permission
-- ----------------------------
INSERT INTO `sfs_permission` VALUES ('4028fe81723c450401723c47f6930000', '8', '222222222222222222', '2020-05-22 20:07:29');
INSERT INTO `sfs_permission` VALUES ('4028fe81723c450401723c47f69c0001', '8', '903459378655395841', '2020-05-22 20:07:29');
INSERT INTO `sfs_permission` VALUES ('4028fe81723c450401723c47f69f0002', '8', '903459378655395850', '2020-05-22 20:07:29');
INSERT INTO `sfs_permission` VALUES ('4028fe81723c450401723c47f6a10003', '8', '903459378655395843', '2020-05-22 20:07:29');
INSERT INTO `sfs_permission` VALUES ('4028fe81723c450401723c47f6a80004', '8', '903459378655395845', '2020-05-22 20:07:29');
INSERT INTO `sfs_permission` VALUES ('4028fe81723c450401723c47f6ab0005', '8', '903459378655395846', '2020-05-22 20:07:29');
INSERT INTO `sfs_permission` VALUES ('4028fe81723c450401723c47f6ae0006', '8', '903459378655395847', '2020-05-22 20:07:29');
INSERT INTO `sfs_permission` VALUES ('4028fe81723c450401723c47f6b00007', '8', '903459378655395848', '2020-05-22 20:07:29');
INSERT INTO `sfs_permission` VALUES ('4028fe81723c450401723c47f6b10008', '8', '903459378655395849', '2020-05-22 20:07:29');
INSERT INTO `sfs_permission` VALUES ('4028fe81723c450401723c47f6b30009', '8', '903459378655395842', '2020-05-22 20:07:29');
INSERT INTO `sfs_permission` VALUES ('4028fe81723c450401723c47f6b4000a', '8', '111111111111111111', '2020-05-22 20:07:29');
INSERT INTO `sfs_permission` VALUES ('4028fe81723c450401723c47f6b5000b', '8', '894476950951690240', '2020-05-22 20:07:29');
INSERT INTO `sfs_permission` VALUES ('4028fe81723c450401723c47f6b6000c', '8', '894477107919323136', '2020-05-22 20:07:29');
INSERT INTO `sfs_permission` VALUES ('4028fe81723c450401723c47f6b8000d', '8', '894477244926263296', '2020-05-22 20:07:29');
INSERT INTO `sfs_permission` VALUES ('4028fe81723c450401723c47f6ba000e', '8', '894477420512411648', '2020-05-22 20:07:29');
INSERT INTO `sfs_permission` VALUES ('4028fe81723c450401723c47f6be000f', '8', '894752734459199488', '2020-05-22 20:07:29');
INSERT INTO `sfs_permission` VALUES ('4028fe81723c450401723c47f6c00010', '8', '893288715881807872', '2020-05-22 20:07:29');
INSERT INTO `sfs_permission` VALUES ('4028fe81723c450401723c47f6c10011', '8', '893304960282787840', '2020-05-22 20:07:29');
INSERT INTO `sfs_permission` VALUES ('4028fe81723c450401723c47f6c20012', '8', '894396523532517376', '2020-05-22 20:07:29');
INSERT INTO `sfs_permission` VALUES ('4028fe81723c450401723c47f6c30013', '8', '903459378655395840', '2020-05-22 20:07:29');
INSERT INTO `sfs_permission` VALUES ('4028fe81723c450401723c47f6c40014', '8', '894473486712438784', '2020-05-22 20:07:29');
INSERT INTO `sfs_permission` VALUES ('4028fe81723c450401723c47f6c50015', '8', '894473651837992960', '2020-05-22 20:07:29');
INSERT INTO `sfs_permission` VALUES ('4028fe81723c450401723c47f6c60016', '8', '894473651837992943', '2020-05-22 20:07:29');
INSERT INTO `sfs_permission` VALUES ('4028fe81723c450401723c47f6c70017', '8', '894475142061621248', '2020-05-22 20:07:29');
INSERT INTO `sfs_permission` VALUES ('4028fe81723c450401723c47f6c80018', '8', '894475827880656896', '2020-05-22 20:07:29');
INSERT INTO `sfs_permission` VALUES ('4028fe81723c450401723c47f6c90019', '8', '894475985452269568', '2020-05-22 20:07:29');
INSERT INTO `sfs_permission` VALUES ('4028fe81723c450401723c47f6cb001a', '8', '894476118730473472', '2020-05-22 20:07:29');
INSERT INTO `sfs_permission` VALUES ('4028fe81723c450401723c47f6cd001b', '8', '894476276402749440', '2020-05-22 20:07:29');
INSERT INTO `sfs_permission` VALUES ('4028fe81723c450401723c49abf0001c', '6', '111111111111111111', '2020-05-22 20:09:21');
INSERT INTO `sfs_permission` VALUES ('4028fe81723c450401723c49abf1001d', '6', '894476950951690240', '2020-05-22 20:09:21');
INSERT INTO `sfs_permission` VALUES ('4028fe81723c450401723c49abf3001e', '6', '894477107919323136', '2020-05-22 20:09:21');
INSERT INTO `sfs_permission` VALUES ('4028fe81723c450401723c49abf4001f', '6', '894477244926263296', '2020-05-22 20:09:21');
INSERT INTO `sfs_permission` VALUES ('4028fe81723c450401723c49abf60020', '6', '894477420512411648', '2020-05-22 20:09:21');
INSERT INTO `sfs_permission` VALUES ('4028fe81723c450401723c49abf70021', '6', '894752734459199488', '2020-05-22 20:09:21');
INSERT INTO `sfs_permission` VALUES ('4028fe81723c450401723c49abf80022', '6', '893288715881807872', '2020-05-22 20:09:21');
INSERT INTO `sfs_permission` VALUES ('4028fe81723c450401723c49abf90023', '6', '893304960282787840', '2020-05-22 20:09:21');
INSERT INTO `sfs_permission` VALUES ('4028fe81723c450401723c49abf90024', '6', '894396523532517376', '2020-05-22 20:09:21');
INSERT INTO `sfs_permission` VALUES ('4028fe81723c450401723c49abfa0025', '6', '903459378655395840', '2020-05-22 20:09:21');
INSERT INTO `sfs_permission` VALUES ('4028fe81723c450401723c49abfb0026', '6', '894473486712438784', '2020-05-22 20:09:21');
INSERT INTO `sfs_permission` VALUES ('4028fe81723c450401723c49abfb0027', '6', '894473651837992960', '2020-05-22 20:09:21');
INSERT INTO `sfs_permission` VALUES ('4028fe81723c450401723c49abfc0028', '6', '894473651837992943', '2020-05-22 20:09:21');
INSERT INTO `sfs_permission` VALUES ('4028fe81723c450401723c49abfd0029', '6', '894475142061621248', '2020-05-22 20:09:21');
INSERT INTO `sfs_permission` VALUES ('4028fe81723c450401723c49abfe002a', '6', '894475827880656896', '2020-05-22 20:09:21');
INSERT INTO `sfs_permission` VALUES ('4028fe81723c450401723c49abff002b', '6', '894475985452269568', '2020-05-22 20:09:21');
INSERT INTO `sfs_permission` VALUES ('4028fe81723c450401723c49ac00002c', '6', '894476118730473472', '2020-05-22 20:09:21');
INSERT INTO `sfs_permission` VALUES ('4028fe81723c450401723c49ac02002d', '6', '894476276402749440', '2020-05-22 20:09:21');
INSERT INTO `sfs_permission` VALUES ('4028fe81723c450401723c4ab4cc0045', '20', '222222222222222222', '2020-05-22 20:10:28');
INSERT INTO `sfs_permission` VALUES ('4028fe81723c450401723c4ab4cd0046', '20', '903459378655395841', '2020-05-22 20:10:28');
INSERT INTO `sfs_permission` VALUES ('4028fe81723c450401723c4ab4ce0047', '20', '903459378655395850', '2020-05-22 20:10:28');
INSERT INTO `sfs_permission` VALUES ('4028fe81723c450401723c4ab4cf0048', '20', '903459378655395843', '2020-05-22 20:10:28');
INSERT INTO `sfs_permission` VALUES ('4028fe81723c450401723c4ab4d00049', '20', '903459378655395845', '2020-05-22 20:10:28');
INSERT INTO `sfs_permission` VALUES ('4028fe81723c450401723c4ab4d1004a', '20', '903459378655395846', '2020-05-22 20:10:28');
INSERT INTO `sfs_permission` VALUES ('4028fe81723c450401723c4ab4d2004b', '20', '903459378655395847', '2020-05-22 20:10:28');
INSERT INTO `sfs_permission` VALUES ('4028fe81723c450401723c4ab4d2004c', '20', '903459378655395848', '2020-05-22 20:10:28');
INSERT INTO `sfs_permission` VALUES ('4028fe81723c450401723c4ab4d3004d', '20', '903459378655395849', '2020-05-22 20:10:28');
INSERT INTO `sfs_permission` VALUES ('4028fe81723c450401723c4ab4d4004e', '20', '903459378655395842', '2020-05-22 20:10:28');
INSERT INTO `sfs_permission` VALUES ('4028fe81723c450401723c4ac2c3004f', '18', '222222222222222222', '2020-05-22 20:10:32');
INSERT INTO `sfs_permission` VALUES ('4028fe81723c450401723c4ac2c40050', '18', '903459378655395841', '2020-05-22 20:10:32');
INSERT INTO `sfs_permission` VALUES ('4028fe81723c450401723c4ac2c50051', '18', '903459378655395850', '2020-05-22 20:10:32');
INSERT INTO `sfs_permission` VALUES ('4028fe81723c450401723c4ac2c60052', '18', '903459378655395843', '2020-05-22 20:10:32');
INSERT INTO `sfs_permission` VALUES ('4028fe81723c450401723c4ac2c70053', '18', '903459378655395845', '2020-05-22 20:10:32');
INSERT INTO `sfs_permission` VALUES ('4028fe81723c450401723c4ac2c80054', '18', '903459378655395846', '2020-05-22 20:10:32');
INSERT INTO `sfs_permission` VALUES ('4028fe81723c450401723c4ac2c90055', '18', '903459378655395847', '2020-05-22 20:10:32');
INSERT INTO `sfs_permission` VALUES ('4028fe81723c450401723c4ac2ca0056', '18', '903459378655395848', '2020-05-22 20:10:32');
INSERT INTO `sfs_permission` VALUES ('4028fe81723c450401723c4ac2cb0057', '18', '903459378655395849', '2020-05-22 20:10:32');
INSERT INTO `sfs_permission` VALUES ('4028fe81723c450401723c4ac2cd0058', '18', '903459378655395842', '2020-05-22 20:10:32');
INSERT INTO `sfs_permission` VALUES ('4028fe81723c450401723c4ad70c0059', '17', '893304960282787840', '2020-05-22 20:10:37');
INSERT INTO `sfs_permission` VALUES ('4028fe81723c450401723c4ad70c005a', '17', '894396523532517376', '2020-05-22 20:10:37');
INSERT INTO `sfs_permission` VALUES ('4028fe81723c450401723c4ad70d005b', '17', '903459378655395840', '2020-05-22 20:10:37');

-- ----------------------------
-- Table structure for sfs_role
-- ----------------------------
DROP TABLE IF EXISTS `sfs_role`;
CREATE TABLE `sfs_role`  (
  `id` varchar(32) CHARACTER SET utf8 COLLATE utf8_general_ci NOT NULL,
  `role_name` varchar(255) CHARACTER SET utf8 COLLATE utf8_general_ci NULL DEFAULT NULL,
  `role_code` varchar(255) CHARACTER SET utf8 COLLATE utf8_general_ci NULL DEFAULT NULL,
  `description` varchar(255) CHARACTER SET utf8 COLLATE utf8_general_ci NULL DEFAULT NULL,
  `create_time` datetime(0) NULL DEFAULT NULL,
  `update_time` datetime(0) NULL DEFAULT NULL,
  `status` char(1) CHARACTER SET utf8 COLLATE utf8_general_ci NOT NULL,
  PRIMARY KEY (`id`) USING BTREE,
  UNIQUE INDEX `unique_role_name`(`role_name`) USING BTREE,
  UNIQUE INDEX `unique_role_value`(`role_code`) USING BTREE
) ENGINE = InnoDB CHARACTER SET = utf8 COLLATE = utf8_general_ci ROW_FORMAT = Dynamic;

-- ----------------------------
-- Records of sfs_role
-- ----------------------------
INSERT INTO `sfs_role` VALUES ('17', '学生', 'student', '普通用户初次注册，即为学生，不具备访问后台的权限', '2020-03-25 15:07:13', '2020-05-15 22:22:43', '1');
INSERT INTO `sfs_role` VALUES ('18', '老师', 'teacher', '老师拥有者教学管理中心的部分权限', '2020-03-25 15:07:13', '2020-05-22 19:42:11', '1');
INSERT INTO `sfs_role` VALUES ('20', '教学管理员', 'teachmanager', '教学管理员拥有者教学管理中心的所有权限', '2020-03-25 15:07:13', '2020-05-22 19:42:27', '1');
INSERT INTO `sfs_role` VALUES ('6', '系统管理员', 'admin', '系统管理员拥有系统管理中心的所有操作权限', '2020-03-25 15:07:13', '2020-05-22 19:41:33', '1');
INSERT INTO `sfs_role` VALUES ('8', '超级管理员', 'super', '超级管理员拥有着系统所有的权限', '2020-03-25 15:07:13', '2020-05-22 19:41:54', '1');

-- ----------------------------
-- Table structure for sfs_teacher
-- ----------------------------
DROP TABLE IF EXISTS `sfs_teacher`;
CREATE TABLE `sfs_teacher`  (
  `id` varchar(32) CHARACTER SET utf8 COLLATE utf8_general_ci NOT NULL,
  `user_id` varchar(32) CHARACTER SET utf8 COLLATE utf8_general_ci NOT NULL COMMENT '用户id',
  `name` varchar(64) CHARACTER SET utf8 COLLATE utf8_general_ci NOT NULL COMMENT '称呼',
  `intro` varchar(512) CHARACTER SET utf8 COLLATE utf8_general_ci NULL DEFAULT NULL COMMENT '个人简介',
  `resume` varchar(1024) CHARACTER SET utf8 COLLATE utf8_general_ci NULL DEFAULT NULL COMMENT '个人简历',
  `pic` varchar(128) CHARACTER SET utf8 COLLATE utf8_general_ci NULL DEFAULT NULL COMMENT '老师照片',
  PRIMARY KEY (`id`) USING BTREE,
  UNIQUE INDEX `sfs_teacher_user_id`(`user_id`) USING BTREE,
  CONSTRAINT `sfs_teacher_ibfk_1` FOREIGN KEY (`user_id`) REFERENCES `sfs_user` (`id`) ON DELETE NO ACTION ON UPDATE NO ACTION
) ENGINE = InnoDB CHARACTER SET = utf8 COLLATE = utf8_general_ci ROW_FORMAT = Dynamic;

-- ----------------------------
-- Table structure for sfs_user
-- ----------------------------
DROP TABLE IF EXISTS `sfs_user`;
CREATE TABLE `sfs_user`  (
  `id` varchar(32) CHARACTER SET utf8 COLLATE utf8_general_ci NOT NULL,
  `username` varchar(45) CHARACTER SET utf8 COLLATE utf8_general_ci NOT NULL,
  `password` varchar(96) CHARACTER SET utf8 COLLATE utf8_general_ci NOT NULL,
  `salt` varchar(45) CHARACTER SET utf8 COLLATE utf8_general_ci NULL DEFAULT NULL,
  `name` varchar(45) CHARACTER SET utf8 COLLATE utf8_general_ci NOT NULL,
  `userpic` varchar(255) CHARACTER SET utf8 COLLATE utf8_general_ci NULL DEFAULT NULL COMMENT '头像',
  `utype` varchar(32) CHARACTER SET utf8 COLLATE utf8_general_ci NOT NULL,
  `birthday` datetime(0) NULL DEFAULT NULL,
  `sex` char(1) CHARACTER SET utf8 COLLATE utf8_general_ci NULL DEFAULT NULL,
  `email` varchar(45) CHARACTER SET utf8 COLLATE utf8_general_ci NULL DEFAULT NULL,
  `phone` varchar(45) CHARACTER SET utf8 COLLATE utf8_general_ci NULL DEFAULT NULL,
  `qq` varchar(32) CHARACTER SET utf8 COLLATE utf8_general_ci NULL DEFAULT NULL,
  `status` varchar(32) CHARACTER SET utf8 COLLATE utf8_general_ci NOT NULL COMMENT '用户状态',
  `create_time` datetime(0) NULL,
  `update_time` datetime(0) NULL DEFAULT NULL,
  PRIMARY KEY (`id`) USING BTREE,
  UNIQUE INDEX `unique_user_username`(`username`) USING BTREE
) ENGINE = InnoDB CHARACTER SET = utf8 COLLATE = utf8_general_ci ROW_FORMAT = Dynamic;

-- ----------------------------
-- Records of sfs_user
-- ----------------------------
INSERT INTO `sfs_user` VALUES ('4028fe81723c1fd001723c2592a20000', 'yjw', '$2a$10$cuuPY3bQo4HsAFbUBfnMlezD5gL7NXVakSRvQLx6YQBoukDRAzyWq', NULL, '杨军伟', 'group1/M00/00/00/wKh-bl65lhaAS_0FAAegjh4-P08285.jpg', '101003', NULL, '1', '18438049166@163.com', '18438049166', '1614550916', '1', '2020-05-22 19:29:55', '2020-05-22 20:21:05');
INSERT INTO `sfs_user` VALUES ('4028fe81723c1fd001723c2ba3f50002', 'ldy', '$2a$10$JqE14SvHo0EZU9CwShrA2.9wmeeCUT1HFQgqoBusDak9UB9cJyuVG', NULL, '李东阳', 'group1/M00/00/00/wKh-bl65lhaAS_0FAAegjh4-P08285.jpg', '101003', NULL, '1', '123', '123', '123', '1', '2020-05-22 19:36:33', '2020-05-27 10:49:56');
INSERT INTO `sfs_user` VALUES ('4028fe81723c450401723c53f191005f', 'teach', '$2a$10$0fMCH0FHvZTURVhknadd0.wL8581vQwSJ04TaigL6/gE0CkWzidJC', NULL, '教学管理员', 'group1/M00/00/00/wKh-bl65lhaAS_0FAAegjh4-P08285.jpg', '101002', NULL, '1', NULL, NULL, NULL, '1', '2020-05-22 20:20:34', '2020-05-22 20:21:40');
INSERT INTO `sfs_user` VALUES ('4028fe81723c450401723c54013e0061', 'sys', '$2a$10$pGkDJKUr/4hTQ01LsLg9KODBVEpyyvY.kfawnm8QaA.2ioAtRlG/i', NULL, '系统管理员', 'group1/M00/00/00/wKh-bl65lhaAS_0FAAegjh4-P08285.jpg', '101003', NULL, '1', NULL, NULL, NULL, '1', '2020-05-22 20:20:38', '2020-05-22 20:21:50');
INSERT INTO `sfs_user` VALUES ('4028fe81723c450401723c554a1d0064', 'admin', '$2a$10$PA72VMNBxy2VOMB59HeOEuQZnBubBHuBbij5mVc84KUNBdTh45sIy', NULL, '超级管理员', 'group1/M00/00/00/wKh-bl65lhaAS_0FAAegjh4-P08285.jpg', '101003', NULL, '1', NULL, NULL, NULL, '1', '2020-05-22 20:22:02', '2020-05-22 20:22:29');
INSERT INTO `sfs_user` VALUES ('4028fe81723c450401723c55fc0a0067', '111', '$2a$10$MzPveYQFJVdWFwFV/nVjYu325Hel8C2K6dqHS/FuStqYHhiE1xYeO', NULL, '学生1', 'group1/M00/00/00/wKh-bl65lhaAS_0FAAegjh4-P08285.jpg', '101001', NULL, '1', '111', '111', '111', '1', '2020-05-22 20:22:48', '2020-05-22 20:23:19');
INSERT INTO `sfs_user` VALUES ('4028fe81724f285b01724fda72c40000', '1111', '$2a$10$idKXWyKeA4Hn5QLZT1LnbeFD5c1VUxZSzbd2bA7lvYiUtTi45t7hu', NULL, '学生', 'group1/M00/00/00/wKh-bl65lhaAS_0FAAegjh4-P08285.jpg', '101001', NULL, '1', NULL, NULL, NULL, '1', '2020-05-26 15:20:16', NULL);

-- ----------------------------
-- Table structure for sfs_user_role
-- ----------------------------
DROP TABLE IF EXISTS `sfs_user_role`;
CREATE TABLE `sfs_user_role`  (
  `id` varchar(32) CHARACTER SET utf8 COLLATE utf8_general_ci NOT NULL,
  `user_id` varchar(32) CHARACTER SET utf8 COLLATE utf8_general_ci NULL DEFAULT NULL,
  `role_id` varchar(32) CHARACTER SET utf8 COLLATE utf8_general_ci NULL DEFAULT NULL,
  `create_time` datetime(0) NULL DEFAULT NULL,
  `creator` varchar(255) CHARACTER SET utf8 COLLATE utf8_general_ci NULL DEFAULT NULL,
  PRIMARY KEY (`id`) USING BTREE,
  INDEX `fk_sfs_user_role_user_id`(`user_id`) USING BTREE,
  INDEX `fk_sfs_user_role_role_id`(`role_id`) USING BTREE,
  CONSTRAINT `sfs_user_role_ibfk_1` FOREIGN KEY (`role_id`) REFERENCES `sfs_role` (`id`) ON DELETE NO ACTION ON UPDATE NO ACTION,
  CONSTRAINT `sfs_user_role_ibfk_2` FOREIGN KEY (`user_id`) REFERENCES `sfs_user` (`id`) ON DELETE NO ACTION ON UPDATE NO ACTION
) ENGINE = InnoDB CHARACTER SET = utf8 COLLATE = utf8_general_ci ROW_FORMAT = Dynamic;

-- ----------------------------
-- Records of sfs_user_role
-- ----------------------------
INSERT INTO `sfs_user_role` VALUES ('4028fe81723c1fd001723c2592bc0001', '4028fe81723c1fd001723c2592a20000', '8', '2020-05-22 19:29:55', NULL);
INSERT INTO `sfs_user_role` VALUES ('4028fe81723c450401723c54451a0063', '4028fe81723c1fd001723c2ba3f50002', '8', '2020-05-22 20:20:55', NULL);
INSERT INTO `sfs_user_role` VALUES ('4028fe81723c450401723c5583ef0066', '4028fe81723c450401723c554a1d0064', '8', '2020-05-22 20:22:17', NULL);
INSERT INTO `sfs_user_role` VALUES ('4028fe81723c450401723c55fc0f0068', '4028fe81723c450401723c55fc0a0067', '17', '2020-05-22 20:22:48', NULL);
INSERT INTO `sfs_user_role` VALUES ('4028fe81723c450401723c5738b90069', '4028fe81723c450401723c54013e0061', '6', '2020-05-22 20:24:09', NULL);
INSERT INTO `sfs_user_role` VALUES ('4028fe81723c450401723c57551e006a', '4028fe81723c450401723c53f191005f', '20', '2020-05-22 20:24:16', NULL);
INSERT INTO `sfs_user_role` VALUES ('4028fe81724f285b01724fda72e10001', '4028fe81724f285b01724fda72c40000', '17', '2020-05-26 15:20:16', NULL);

SET FOREIGN_KEY_CHECKS = 1;
